NULL;Michiel de Mare
NULL;Rob Burke
iPhone app in landscape mode, 2008 systems;Michiel de Mare
NULL;Polsonby
NULL;Polsonby
NULL;prakash
NULL;Michael Stum
Programmatically launch IE Mobile favorites screen;prakash
NULL;Michiel de Mare
"Implementation of ""Remember me"" in a Rails application";Michiel de Mare
NULL;Nick Berardi
NULL;Issac Kelly
How can I find the full path to a font from its display name on a Mac?;Gareth Simpson
Homegrown consumption of web services;Dillie-O
NULL;Gareth Simpson
NULL;Leon Bambrick
WinForms ComboBox data binding gotcha;Darren Kopp
NULL;Gareth Simpson
NULL;helloandre
Get a preview JPEG of a PDF on Windows?;Gareth Simpson
NULL;Robert Höglund
NULL;Stephen Hendry
NULL;Brian Willis
Lucene Score results;Stephen Hendry
NULL;Michiel de Mare
NULL;Mike Stone
What is the meaning of the type safety warning in certain Java generics casts?;Mike Stone
NULL;Daniel Broekman
NULL;svrist
NULL;svrist
How do you make sure email you send programmatically is not automatically marked as spam?;Leon Bambrick
NULL;svrist
NULL;Mark Harrison
NULL;Mike Stone
NULL;Peter Coulton
NULL;alumb
Generate list of all possible permutations of a string;UnkwnTech
NULL;Kalid
NULL;Jesse Ezell
The definitive guide to form-based website authentication;Michiel de Mare
NULL;Mark Harrison
NULL;Michiel de Mare
NULL;Mark Harrison
What is the difference between an int and an Integer in Java and C#?;CodingWithoutComments
NULL;Jon Galloway
NULL;cmcculloh
NULL;helloandre
Deploying SQL Server Databases from Test to Live;Michael Stum
NULL;Eric Haskins
NULL;huseyint
NULL;saint_groceon
NULL;Karl Seguin
NULL;saint_groceon
NULL;Mark Harrison
NULL;Mark Harrison
NULL;saalon
cx_Oracle: How do I iterate over a result set?;Mark Harrison
NULL;Mark Harrison
NULL;Pete
NULL;Bernard
XML Processing in Python;saalon
When to use unsigned values over signed ones?;Bernard
NULL;Chris Jester-Young
NULL;Mark Harrison
NULL;helloandre
NULL;Chris Jester-Young
NULL;saint_groceon
NULL;cmcculloh
Should I use nested classes in this case?;JimDaniel
NULL;saint_groceon
PHP Session Security;saint_groceon
When to use lambda, when to use Proc.new?;Michiel de Mare
NULL;Mike Stone
NULL;John
NULL;Ryan Fox
Is there a version control system for database structure changes?;EndangeredMassa
Automatically update version number;Robert Höglund
NULL;Leon Bambrick
NULL;Michael Stum
Encrypting Passwords;UnkwnTech
NULL;Michael Stum
NULL;Leon Bambrick
NULL;Kevin
NULL;Peter Coulton
NULL;Michael Stum
NULL;Yaakov Ellis
NULL;Kalid
NULL;EndangeredMassa
NULL;Yaakov Ellis
NULL;Karl Seguin
How do you sort a dictionary by value?;Kalid
NULL;Kevin
NULL;Michael Stum
NULL;Grant
NULL;saalon
NULL;Peter Burns
Embedded Database for .net that can run off a network;Michael Stum
NULL;sven
.NET Testing Framework Advice;saalon
NULL;Yaakov Ellis
NULL;Michael Stum
NULL;Karl Seguin
NULL;denny
NULL;Karl Seguin
Best Practice: Collaborative Environment, Bin Directory, SVN;Ryan Eastabrook
NULL;akdom
BerkeleyDB Concurrency;Ted Dziuba
GTK implementation of MessageBox;Bernard
Adding scripting functionality to .NET applications;Michael Stum
NULL;Ryan Fox
NULL;Ryan Fox
NULL;cmcculloh
Create a SQLite database based on an XSD Data Set;Dillie-O
NULL;Dillie-O
NULL;Karl Seguin
NULL;Mat
NULL;Lehane
NULL;Karl Seguin
NULL;Michael Stum
SQL Server 2005 implementation of MySQL REPLACE INTO?;Michael Stum
NULL;Yaakov Ellis
NULL;Dillie-O
Register Windows program with the mailto protocol programmatically;Liron Yahdav
Solving a linear equation;Adam Ernst
NULL;Michael Stum
NULL;Chris Marasti-Georg
NULL;huseyint
NULL;helloandre
NULL;Greg Hurlman
NULL;helloandre
NULL;Dillie-O
NULL;alumb
Upgrading SQL Server 6.5;Dave Ward
Floating Point Number parsing: Is there a Catch All algorithm?;Michael Stum
NULL;Ryan Fox
NULL;svrist
error_log per Virtual Host?;Michael Stum
How do I print an HTML document from a web service?;Chris Marasti-Georg
Versioning SQL Server database;Zack Peterson
NULL;saint_groceon
NULL;MojoFilter
NULL;Grant
NULL;Nick Berardi
NULL;Michael Stum
Efficiently get sorted sums of a sorted list;Peter Burns
Embedding Windows Media Player for all browsers;Michael Stum
How do I sync the SVN revision number with my ASP.NET web site?;Zack Peterson
NULL;John
CruiseControl.net, msbuild, /p:OutputPath and CCNetArtifactDirectory;Michael Stum
NULL;Nick Berardi
NULL;Coincoin
NULL;Dave Ward
NULL;Peter Burns
NULL;Tim Boland
NULL;MojoFilter
.Net XML comment into API Documentation;MojoFilter
NULL;Karl Seguin
NULL;Michael Stum
NULL;Kevin Dente
NULL;saint_groceon
NULL;Tom Grochowicz
NULL;Michael Stum
NULL;Karl Seguin
NULL;alumb
Are PHP Variables passed by value or by reference?;cmcculloh
NULL;Karl Seguin
NULL;cmcculloh
NULL;Dillie-O
NULL;Michael Stum
How do I track file downloads;Grant
How do you debug PHP scripts?;Marcel
NULL;Michael Stum
Compressing / Decompressing Folders & Files;DylanJ
NULL;svrist
NULL;Coincoin
NULL;Dillie-O
NULL;pix0r
NULL;Karl Seguin
NULL;Polsonby
NULL;pix0r
How to word-break on a dash?;Karl Seguin
XSD DataSets and ignoring foreign keys;Dillie-O
NULL;Mike Stone
NULL;saint_groceon
NULL;Michiel de Mare
NULL;Ryan Fox
How to export data from SQL Server 2005 to MySQL;Mat
NULL;Michael Stum
NULL;Shawn
NULL;Mark Harrison
NULL;Greg Hurlman
How would you access Object properties from within an object method?;cmcculloh
NULL;Shawn
Java lib or app to convert CSV to XML file?;A Salim
ASP.NET Site Maps;Zack Peterson
NULL;Michael Stum
NULL;cmcculloh
NULL;Nick Berardi
NULL;Dave Ward
NULL;Leon Bambrick
